id,user_id_1,user_id_2,created_at
22,28,29,2023-11-09 22:43:27
23,39,38,2023-11-11 20:03:04
24,40,38,2023-11-11 20:12:39
26,43,38,2023-11-14 19:03:19
27,38,41,2023-11-15 00:04:51
28,44,38,2023-11-15 01:44:24
29,45,38,2023-11-18 14:40:26
34,56,17,2023-12-21 09:10:23
35,57,17,2023-12-22 00:27:39
37,29,76,2024-01-02 09:14:48
38,29,77,2024-01-02 09:15:26
46,1,40,2024-05-30 03:02:12
47,1,41,2024-05-30 03:02:12
49,1,43,2024-05-30 03:02:12
50,1,44,2024-05-30 03:02:12
51,1,45,2024-05-30 03:02:12
52,1,46,2024-05-30 03:02:12
54,1,48,2024-05-30 03:02:12
55,1,49,2024-05-30 03:02:12
56,1,50,2024-05-30 03:02:12
57,1,51,2024-05-30 03:02:12
59,1,53,2024-05-30 03:02:12
63,1,57,2024-05-30 03:02:12
64,1,58,2024-05-30 03:02:12
65,1,59,2024-05-30 03:02:12
66,1,60,2024-05-30 03:02:12
67,1,61,2024-05-30 03:02:12
68,1,62,2024-05-30 03:02:12
69,1,63,2024-05-30 03:02:12
71,1,65,2024-05-30 03:02:12
72,1,66,2024-05-30 03:02:12
73,1,67,2024-05-30 03:02:12
74,1,68,2024-05-30 03:02:12
76,1,70,2024-05-30 03:02:12
77,1,71,2024-05-30 03:02:12
78,1,72,2024-05-30 03:02:12
79,1,73,2024-05-30 03:02:12
80,1,74,2024-05-30 03:02:12
81,1,75,2024-05-30 03:02:12
83,1,77,2024-05-30 03:02:12
85,1,87,2024-05-30 03:02:12
89,1,94,2024-05-30 03:02:12
91,1,96,2024-05-30 03:02:12
92,1,97,2024-05-30 03:02:12
94,1,99,2024-05-30 03:02:12
95,1,100,2024-05-30 03:02:12
96,1,101,2024-05-30 03:02:12
97,1,102,2024-05-30 03:02:12
98,1,103,2024-05-30 03:02:12
99,1,105,2024-05-30 03:02:12
100,1,106,2024-05-30 03:02:12
101,1,107,2024-05-30 03:02:12
103,1,109,2024-05-30 03:02:12
104,1,111,2024-05-30 03:02:12
105,1,112,2024-05-30 03:02:12
106,1,113,2024-05-30 03:02:12
107,1,114,2024-05-30 03:02:12
180,1,39,2024-05-30 03:27:25
181,1,47,2024-05-30 03:27:25
184,1,56,2024-05-30 03:27:25
185,1,64,2024-05-30 03:27:25
191,1,17,2024-05-30 04:22:16
192,1,28,2024-05-30 04:22:16
193,1,29,2024-05-30 04:22:16
194,1,38,2024-05-30 04:22:16
195,1,69,2024-05-30 04:22:16
196,1,76,2024-05-30 04:22:16
197,1,88,2024-05-30 04:22:16
198,1,91,2024-05-30 04:22:16
199,1,98,2024-05-30 04:22:16
200,1,108,2024-05-30 04:22:16
201,1,119,2024-05-30 04:22:16
204,1,124,2024-05-30 16:52:57
205,1,125,2024-06-01 10:54:14
206,1,126,2024-06-01 23:33:45
207,1,127,2024-06-01 23:47:41
208,1,128,2024-06-02 07:39:22
209,1,129,2024-06-02 19:54:16
210,1,130,2024-06-06 17:28:30
229,1,165,2024-06-13 13:47:52
233,1,169,2024-06-14 07:51:20
236,1,172,2024-06-28 03:43:04
237,1,173,2024-06-28 10:53:14
246,1,181,2024-07-03 18:05:50
249,53,130,2024-07-04 08:07:41
250,1,184,2024-07-06 18:53:00
257,1,187,2024-07-12 16:21:31
258,1,188,2024-07-13 02:03:49
259,1,189,2024-07-14 04:00:44
260,1,190,2024-07-15 16:24:50
261,1,191,2024-07-17 19:52:58
262,1,192,2024-07-29 11:57:21
264,1,194,2024-08-15 21:20:25
265,1,195,2024-08-19 08:01:37
266,1,196,2024-08-20 14:36:25
267,1,197,2024-08-24 14:34:11
268,1,198,2024-08-27 09:00:53
269,1,199,2024-08-27 21:44:39
270,1,200,2024-08-28 08:50:43
271,1,201,2024-09-01 03:27:35
272,1,202,2024-09-05 10:06:33
274,1,204,2024-09-10 22:02:53
275,1,205,2024-09-24 12:50:44
276,1,206,2024-09-28 21:29:03
277,1,207,2024-10-12 16:54:56
278,1,208,2024-10-13 05:19:23
279,1,209,2024-10-14 21:58:37
280,1,210,2024-10-15 01:15:33
281,1,211,2024-10-20 11:42:21
282,1,212,2024-10-21 13:53:15
284,1,213,2024-10-22 05:25:12
285,1,214,2024-10-23 17:45:44
286,214,212,2024-10-23 17:45:44
287,1,215,2024-10-23 17:52:19
288,215,212,2024-10-23 17:52:19
289,1,216,2024-10-23 18:30:52
290,216,212,2024-10-23 18:30:52
291,1,217,2024-10-23 18:48:27
292,217,212,2024-10-23 18:48:27
293,1,218,2024-10-23 19:08:21
294,218,212,2024-10-23 19:08:21
295,1,219,2024-10-23 20:14:46
296,219,212,2024-10-23 20:14:46
297,1,220,2024-10-23 20:59:07
298,220,212,2024-10-23 20:59:07
300,1,222,2024-10-24 13:37:59
301,222,212,2024-10-24 13:37:59
302,1,223,2024-10-25 09:23:27
303,223,212,2024-10-25 09:23:27
304,1,224,2024-10-25 20:28:38
305,1,225,2024-10-26 10:19:06
306,1,226,2024-10-27 20:48:51
307,226,212,2024-10-27 20:48:51
308,1,227,2024-11-03 20:43:01
309,1,228,2024-11-13 04:35:09
310,1,229,2024-11-18 19:57:02
311,1,230,2024-11-20 10:59:08
312,1,231,2024-11-24 21:41:10
313,1,232,2024-11-27 15:48:54
314,1,233,2024-11-29 11:17:43
315,1,234,2024-12-12 05:40:42
316,1,235,2024-12-25 00:42:12
317,1,236,2025-01-05 13:00:30
318,1,237,2025-01-07 09:44:45
319,1,238,2025-01-07 19:27:50
320,1,239,2025-01-25 17:03:54
322,1,241,2025-01-31 11:24:12
323,1,242,2025-02-17 15:07:26
324,1,243,2025-03-04 12:57:38
325,1,244,2025-03-09 03:46:03
326,1,245,2025-03-09 17:02:39
328,1,247,2025-03-15 20:56:05
329,1,248,2025-03-21 08:21:42
330,1,249,2025-04-12 08:38:10
331,1,250,2025-04-12 22:06:59
332,1,251,2025-04-13 17:04:52
333,1,252,2025-04-27 10:46:53
334,1,253,2025-05-17 14:26:10
335,1,254,2025-05-21 12:40:44
337,1,256,2025-06-16 20:52:11
339,1,258,2025-06-21 13:10:44
341,1,260,2025-06-26 18:35:16
343,1,262,2025-07-05 13:52:24
344,1,263,2025-07-06 07:06:31
345,1,264,2025-07-16 10:32:59
346,1,265,2025-07-20 18:55:31
347,1,266,2025-08-13 19:56:21
348,1,267,2025-08-24 22:40:24
